Phi,Theta,Phi',Theta',X,Y,Z
-2.356194,+0.000000,+0.816497,+0.816497,-0.707107,-0.000000,-0.707107
-2.348046,+0.008232,+0.813108,+0.830022,-0.701298,-0.005773,-0.712845
-2.339933,+0.016602,+0.809607,+0.843940,-0.695419,-0.011546,-0.718512
-2.331855,+0.025112,+0.805988,+0.858260,-0.689471,-0.017318,-0.724107
-2.323813,+0.033768,+0.802248,+0.872994,-0.683453,-0.023088,-0.729629
-2.315810,+0.042574,+0.798381,+0.888154,-0.677368,-0.028855,-0.735079
-2.307846,+0.051533,+0.794384,+0.903750,-0.671214,-0.034620,-0.740455
-2.299923,+0.060650,+0.790250,+0.919795,-0.664993,-0.040382,-0.745757
-2.292042,+0.069930,+0.785975,+0.936300,-0.658706,-0.046139,-0.750984
-2.284204,+0.079378,+0.781554,+0.953277,-0.652353,-0.051891,-0.756136
-2.276411,+0.088997,+0.776980,+0.970738,-0.645935,-0.057639,-0.761213
-2.268665,+0.098794,+0.772248,+0.988694,-0.639453,-0.063381,-0.766214
-2.260967,+0.108773,+0.767352,+1.007158,-0.632906,-0.069116,-0.771138
-2.253319,+0.118939,+0.762286,+1.026141,-0.626296,-0.074844,-0.775984
-2.245722,+0.129298,+0.757042,+1.045655,-0.619623,-0.080565,-0.780754
-2.238178,+0.139854,+0.751615,+1.065710,-0.612889,-0.086278,-0.785445
-2.230690,+0.150614,+0.745998,+1.086318,-0.606093,-0.091982,-0.790057
-2.223259,+0.161582,+0.740182,+1.107490,-0.599236,-0.097677,-0.794591
-2.215887,+0.172765,+0.734161,+1.129234,-0.592320,-0.103363,-0.799045
-2.208576,+0.184169,+0.727926,+1.151562,-0.585344,-0.109038,-0.803419
-2.201329,+0.195799,+0.721471,+1.174481,-0.578310,-0.114702,-0.807713
-2.194148,+0.207660,+0.714786,+1.197999,-0.571218,-0.120354,-0.811927
-2.187034,+0.219761,+0.707863,+1.222123,-0.564069,-0.125995,-0.816059
-2.179991,+0.232105,+0.700694,+1.246859,-0.556863,-0.131623,-0.820109
-2.173022,+0.244700,+0.693269,+1.272211,-0.549602,-0.137238,-0.824077
-2.166127,+0.257551,+0.685579,+1.298182,-0.542286,-0.142839,-0.827963
-2.159311,+0.270665,+0.677616,+1.324773,-0.534916,-0.148426,-0.831766
-2.152576,+0.284049,+0.669369,+1.351983,-0.527492,-0.153998,-0.835486
-2.145925,+0.297707,+0.660829,+1.379809,-0.520015,-0.159554,-0.839122
-2.139360,+0.311647,+0.651986,+1.408246,-0.512487,-0.165095,-0.842675
-2.132886,+0.325874,+0.642830,+1.437286,-0.504907,-0.170619,-0.846143
-2.126505,+0.340395,+0.633351,+1.466917,-0.497276,-0.176126,-0.849527
-2.120220,+0.355214,+0.623539,+1.497126,-0.489596,-0.181615,-0.852826
-2.114035,+0.370339,+0.613384,+1.527893,-0.481867,-0.187087,-0.856039
-2.107954,+0.385774,+0.602876,+1.559199,-0.474090,-0.192539,-0.859167
-2.101979,+0.401525,+0.592005,+1.591017,-0.466265,-0.197972,-0.862209
-2.096115,+0.417596,+0.580761,+1.623316,-0.458394,-0.203386,-0.865164
-2.090365,+0.433993,+0.569135,+1.656062,-0.450477,-0.208779,-0.868033
-2.084733,+0.450719,+0.557118,+1.689214,-0.442515,-0.214151,-0.870816
-2.079224,+0.467778,+0.544701,+1.722726,-0.434508,-0.219502,-0.873511
-2.073841,+0.485174,+0.531876,+1.756547,-0.426458,-0.224831,-0.876119
-2.068588,+0.502910,+0.518635,+1.790620,-0.418366,-0.230137,-0.878639
-2.063470,+0.520987,+0.504970,+1.824881,-0.410231,-0.235421,-0.881072
-2.058490,+0.539408,+0.490877,+1.859259,-0.402056,-0.240681,-0.883416
-2.053653,+0.558172,+0.476349,+1.893679,-0.393840,-0.245917,-0.885672
-2.048965,+0.577281,+0.461382,+1.928057,-0.385585,-0.251128,-0.887839
-2.044427,+0.596733,+0.445974,+1.962303,-0.377292,-0.256314,-0.889918
-2.040046,+0.616526,+0.430122,+1.996321,-0.368961,-0.261474,-0.891908
-2.035826,+0.636658,+0.413825,+2.030009,-0.360593,-0.266609,-0.893808
-2.031771,+0.657125,+0.397087,+2.063258,-0.352188,-0.271716,-0.895619
-2.027886,+0.677922,+0.379907,+2.095954,-0.343749,-0.276797,-0.897341
-2.024175,+0.699042,+0.362293,+2.127977,-0.335275,-0.281850,-0.898972
-2.020642,+0.720479,+0.344249,+2.159204,-0.326768,-0.286874,-0.900514
-2.017291,+0.742223,+0.325785,+2.189509,-0.318228,-0.291870,-0.901966
-2.014127,+0.764265,+0.306911,+2.218760,-0.309656,-0.296837,-0.903328
-2.011154,+0.786594,+0.287639,+2.246826,-0.301053,-0.301774,-0.904599
-2.008376,+0.809197,+0.267984,+2.273576,-0.292420,-0.306681,-0.905780
-2.005796,+0.832061,+0.247964,+2.298877,-0.283758,-0.311557,-0.906870
-2.003418,+0.855170,+0.227598,+2.322602,-0.275067,-0.316402,-0.907870
-2.001245,+0.878507,+0.206906,+2.344624,-0.266349,-0.321216,-0.908779
-1.999281,+0.902056,+0.185913,+2.364824,-0.257605,-0.325997,-0.909597
-1.997528,+0.925797,+0.164644,+2.383087,-0.248834,-0.330746,-0.910323
-1.995989,+0.949711,+0.143127,+2.399308,-0.240039,-0.335461,-0.910959
-1.994666,+0.973776,+0.121391,+2.413392,-0.231220,-0.340143,-0.911504
-1.993562,+0.997971,+0.099467,+2.425253,-0.222377,-0.344791,-0.911958
-1.992677,+1.022274,+0.077387,+2.434818,-0.213512,-0.349405,-0.912320
-1.992014,+1.046660,+0.055184,+2.442028,-0.204626,-0.353984,-0.912592
-1.991574,+1.071106,+0.032895,+2.446836,-0.195720,-0.358527,-0.912772
-1.991356,+1.095588,+0.010552,+2.449214,-0.186794,-0.363034,-0.912860
-1.991363,+1.120082,-0.011807,+2.449146,-0.177849,-0.367505,-0.912858
-1.991593,+1.144563,-0.034147,+2.446631,-0.168887,-0.371940,-0.912764
-1.992046,+1.169007,-0.056433,+2.441686,-0.159907,-0.376337,-0.912579
-1.992721,+1.193389,-0.078629,+2.434343,-0.150912,-0.380697,-0.912302
-1.993618,+1.217686,-0.100701,+2.424648,-0.141901,-0.385018,-0.911935
-1.994735,+1.241874,-0.122616,+2.412660,-0.132877,-0.389301,-0.911476
-1.996069,+1.265932,-0.144341,+2.398454,-0.123839,-0.393545,-0.910926
-1.997621,+1.289836,-0.165845,+2.382116,-0.114788,-0.397750,-0.910285
-1.999385,+1.313567,-0.187099,+2.363741,-0.105726,-0.401915,-0.909553
-2.001362,+1.337104,-0.208075,+2.343436,-0.096654,-0.406039,-0.908730
-2.003546,+1.360430,-0.228749,+2.321315,-0.087572,-0.410123,-0.907816
-2.005935,+1.383525,-0.249097,+2.297498,-0.078481,-0.414166,-0.906811
-2.008527,+1.406374,-0.269097,+2.272112,-0.069382,-0.418168,-0.905716
-2.011316,+1.428962,-0.288731,+2.245285,-0.060277,-0.422128,-0.904530
-2.014300,+1.451276,-0.307981,+2.217149,-0.051165,-0.426046,-0.903254
-2.017474,+1.473302,-0.326832,+2.187835,-0.042048,-0.429921,-0.901887
-2.020835,+1.495029,-0.345273,+2.157476,-0.032927,-0.433753,-0.900430
-2.024379,+1.516448,-0.363293,+2.126200,-0.023803,-0.437541,-0.898883
-2.028100,+1.537550,-0.380883,+2.094136,-0.014676,-0.441286,-0.897246
-2.031995,+1.558328,-0.398038,+2.061406,-0.005548,-0.444987,-0.895520
-2.036059,+1.578776,-0.414752,+2.028129,+0.003580,-0.448643,-0.893704
-2.040288,+1.598890,-0.431023,+1.994420,+0.012709,-0.452255,-0.891798
-2.044678,+1.618664,-0.446850,+1.960386,+0.021836,-0.455821,-0.889804
-2.049224,+1.638097,-0.462234,+1.926130,+0.030961,-0.459342,-0.887720
-2.053921,+1.657186,-0.477176,+1.891748,+0.040082,-0.462816,-0.885548
-2.058766,+1.675931,-0.491679,+1.857328,+0.049200,-0.466245,-0.883287
-2.063753,+1.694333,-0.505749,+1.822955,+0.058313,-0.469626,-0.880937
-2.068879,+1.712391,-0.519389,+1.788703,+0.067420,-0.472961,-0.878500
-2.074140,+1.730108,-0.532607,+1.754642,+0.076520,-0.476249,-0.875975
-2.079530,+1.747485,-0.545409,+1.720837,+0.085613,-0.479489,-0.873362
-2.085046,+1.764525,-0.557803,+1.687344,+0.094697,-0.482680,-0.870662
-2.090685,+1.781233,-0.569798,+1.654213,+0.103771,-0.485824,-0.867875
-2.096441,+1.797611,-0.581402,+1.621492,+0.112836,-0.488919,-0.865001
-2.102311,+1.813664,-0.592625,+1.589218,+0.121889,-0.491965,-0.862040
-2.108292,+1.829397,-0.603475,+1.557429,+0.130929,-0.494962,-0.858994
-2.114380,+1.844814,-0.613963,+1.526152,+0.139957,-0.497910,-0.855861
-2.120570,+1.859922,-0.624099,+1.495415,+0.148970,-0.500808,-0.852643
-2.126860,+1.874725,-0.633892,+1.465239,+0.157969,-0.503655,-0.849339
-2.133247,+1.889228,-0.643352,+1.435641,+0.166952,-0.506452,-0.845951
-2.139726,+1.903439,-0.652490,+1.406635,+0.175918,-0.509199,-0.842478
-2.146296,+1.917363,-0.661316,+1.378232,+0.184867,-0.511895,-0.838921
-2.152952,+1.931006,-0.669840,+1.350440,+0.193797,-0.514539,-0.835280
-2.159692,+1.944374,-0.678070,+1.323265,+0.202708,-0.517132,-0.831555
-2.166512,+1.957473,-0.686018,+1.296709,+0.211599,-0.519674,-0.827747
-2.173411,+1.970310,-0.693693,+1.270772,+0.220468,-0.522163,-0.823856
-2.180385,+1.982891,-0.701103,+1.245455,+0.229315,-0.524601,-0.819883
-2.187432,+1.995221,-0.708258,+1.220754,+0.238140,-0.526985,-0.815828
-2.194550,+2.007308,-0.715167,+1.196664,+0.246940,-0.529317,-0.811692
-2.201735,+2.019157,-0.721839,+1.173179,+0.255716,-0.531596,-0.807474
-2.208986,+2.030774,-0.728282,+1.150294,+0.264466,-0.533822,-0.803176
-2.216300,+2.042165,-0.734504,+1.127999,+0.273190,-0.535995,-0.798797
-2.223675,+2.053335,-0.740514,+1.106287,+0.281887,-0.538114,-0.794338
-2.231109,+2.064292,-0.746318,+1.085147,+0.290555,-0.540179,-0.789800
-2.238601,+2.075040,-0.751925,+1.064570,+0.299195,-0.542190,-0.785183
-2.246147,+2.085585,-0.757342,+1.044546,+0.307804,-0.544147,-0.780488
-2.253747,+2.095933,-0.762575,+1.025062,+0.316382,-0.546049,-0.775714
-2.261398,+2.106088,-0.767632,+1.006109,+0.324929,-0.547897,-0.770863
-2.269099,+2.116057,-0.772518,+0.987674,+0.333444,-0.549690,-0.765935
-2.276848,+2.125844,-0.777241,+0.969745,+0.341925,-0.551428,-0.760930
-2.284643,+2.135453,-0.781806,+0.952312,+0.350372,-0.553111,-0.755849
-2.292483,+2.144892,-0.786219,+0.935362,+0.358784,-0.554739,-0.750692
-2.300367,+2.154162,-0.790486,+0.918883,+0.367160,-0.556311,-0.745461
-2.308292,+2.163271,-0.794612,+0.902864,+0.375499,-0.557828,-0.740155
-2.316259,+2.172221,-0.798602,+0.887292,+0.383801,-0.559288,-0.734774
-2.324264,+2.181018,-0.802461,+0.872157,+0.392064,-0.560693,-0.729321
-2.332307,+2.189666,-0.806195,+0.857446,+0.400288,-0.562042,-0.723794
-2.340387,+2.198169,-0.809807,+0.843149,+0.408472,-0.563334,-0.718195
-2.348503,+2.206530,-0.813302,+0.829253,+0.416616,-0.564571,-0.712525
-2.356653,+2.214755,-0.816684,+0.815749,+0.424717,-0.565751,-0.706783
-2.364836,+2.222846,-0.819957,+0.802626,+0.432776,-0.566874,-0.700970
-2.373052,+2.230808,-0.823126,+0.789872,+0.440792,-0.567940,-0.695087
-2.381298,+2.238645,-0.826194,+0.777478,+0.448764,-0.568950,-0.689135
-2.389575,+2.246359,-0.829164,+0.765434,+0.456691,-0.569903,-0.683113
-2.397881,+2.253955,-0.832041,+0.753729,+0.464572,-0.570799,-0.677024
-2.406216,+2.261435,-0.834827,+0.742354,+0.472407,-0.571637,-0.670867
-2.414577,+2.268803,-0.837525,+0.731300,+0.480195,-0.572419,-0.664642
-2.422966,+2.276062,-0.840139,+0.720558,+0.487934,-0.573143,-0.658352
-2.431380,+2.283215,-0.842672,+0.710118,+0.495625,-0.573810,-0.651995
-2.439819,+2.290265,-0.845126,+0.699972,+0.503266,-0.574420,-0.645573
-2.448282,+2.297215,-0.847504,+0.690113,+0.510857,-0.574972,-0.639087
-2.456769,+2.304069,-0.849809,+0.680530,+0.518397,-0.575467,-0.632537
-2.465278,+2.310827,-0.852043,+0.671218,+0.525884,-0.575904,-0.625923
-2.473809,+2.317494,-0.854208,+0.662168,+0.533320,-0.576284,-0.619247
-2.482362,+2.324071,-0.856308,+0.653372,+0.540702,-0.576606,-0.612509
-2.490935,+2.330562,-0.858343,+0.644824,+0.548030,-0.576870,-0.605710
-2.499528,+2.336968,-0.860316,+0.636517,+0.555303,-0.577077,-0.598850
-2.508141,+2.343293,-0.862230,+0.628443,+0.562520,-0.577226,-0.591930
-2.516773,+2.349538,-0.864085,+0.620596,+0.569682,-0.577317,-0.584951
-2.525423,+2.355705,-0.865885,+0.612971,+0.576786,-0.577350,-0.577914
-2.534091,+2.361798,-0.867630,+0.605560,+0.583833,-0.577326,-0.570818
-2.542775,+2.367817,-0.869323,+0.598358,+0.590821,-0.577244,-0.563666
-2.551477,+2.373766,-0.870964,+0.591360,+0.597750,-0.577105,-0.556457
-2.560194,+2.379645,-0.872557,+0.584559,+0.604620,-0.576907,-0.549193
-2.568928,+2.385458,-0.874102,+0.577950,+0.611429,-0.576652,-0.541874
-2.577676,+2.391205,-0.875600,+0.571529,+0.618177,-0.576339,-0.534500
-2.586440,+2.396889,-0.877053,+0.565289,+0.624863,-0.575969,-0.527073
-2.595217,+2.402511,-0.878463,+0.559227,+0.631486,-0.575541,-0.519594
-2.604009,+2.408074,-0.879830,+0.553338,+0.638047,-0.575055,-0.512062
-2.612814,+2.413579,-0.881157,+0.547616,+0.644543,-0.574512,-0.504479
-2.621632,+2.419027,-0.882443,+0.542059,+0.650976,-0.573912,-0.496846
-2.630463,+2.424420,-0.883691,+0.536661,+0.657343,-0.573254,-0.489163
-2.639306,+2.429761,-0.884901,+0.531419,+0.663644,-0.572538,-0.481431
-2.648160,+2.435049,-0.886075,+0.526328,+0.669879,-0.571766,-0.473651
-2.657027,+2.440288,-0.887213,+0.521385,+0.676047,-0.570936,-0.465824
-2.665905,+2.445477,-0.888316,+0.516586,+0.682147,-0.570050,-0.457950
-2.674793,+2.450620,-0.889386,+0.511928,+0.688180,-0.569106,-0.450030
-2.683692,+2.455717,-0.890423,+0.507407,+0.694143,-0.568105,-0.442066
-2.692601,+2.460769,-0.891428,+0.503020,+0.700037,-0.567047,-0.434057
-2.701521,+2.465777,-0.892402,+0.498764,+0.705861,-0.565933,-0.426005
-2.710449,+2.470744,-0.893346,+0.494636,+0.711614,-0.564763,-0.417910
-2.719388,+2.475671,-0.894260,+0.490632,+0.717296,-0.563535,-0.409773
-2.728335,+2.480557,-0.895146,+0.486751,+0.722907,-0.562252,-0.401595
-2.737290,+2.485406,-0.896003,+0.482989,+0.728445,-0.560912,-0.393377
-2.746255,+2.490218,-0.896833,+0.479344,+0.733910,-0.559516,-0.385120
-2.755227,+2.494993,-0.897637,+0.475812,+0.739302,-0.558064,-0.376824
-2.764207,+2.499734,-0.898414,+0.472393,+0.744620,-0.556556,-0.368491
-2.773195,+2.504442,-0.899166,+0.469082,+0.749864,-0.554993,-0.360121
-2.782191,+2.509116,-0.899893,+0.465879,+0.755032,-0.553374,-0.351715
-2.791193,+2.513760,-0.900595,+0.462781,+0.760125,-0.551700,-0.343273
-2.800202,+2.518372,-0.901274,+0.459785,+0.765142,-0.549971,-0.334797
-2.809218,+2.522956,-0.901929,+0.456891,+0.770083,-0.548186,-0.326288
-2.818241,+2.527510,-0.902562,+0.454095,+0.774946,-0.546347,-0.317746
-2.827270,+2.532038,-0.903172,+0.451396,+0.779732,-0.544453,-0.309173
-2.836304,+2.536539,-0.903760,+0.448793,+0.784441,-0.542505,-0.300568
-2.845345,+2.541014,-0.904327,+0.446283,+0.789070,-0.540503,-0.291934
-2.854391,+2.545465,-0.904872,+0.443865,+0.793621,-0.538446,-0.283270
-2.863442,+2.549891,-0.905397,+0.441537,+0.798092,-0.536336,-0.274578
-2.872499,+2.554296,-0.905902,+0.439298,+0.802484,-0.534172,-0.265858
-2.881560,+2.558678,-0.906386,+0.437147,+0.806795,-0.531954,-0.257112
-2.890626,+2.563039,-0.906852,+0.435081,+0.811026,-0.529684,-0.248340
-2.899697,+2.567380,-0.907297,+0.433100,+0.815175,-0.527360,-0.239543
-2.908772,+2.571701,-0.907724,+0.431203,+0.819243,-0.524984,-0.230723
-2.917851,+2.576004,-0.908132,+0.429387,+0.823229,-0.522555,-0.221879
-2.926935,+2.580289,-0.908522,+0.427653,+0.827133,-0.520074,-0.213013
-2.936022,+2.584557,-0.908894,+0.425999,+0.830954,-0.517541,-0.204126
-2.945112,+2.588809,-0.909247,+0.424423,+0.834692,-0.514956,-0.195218
-2.954207,+2.593046,-0.909584,+0.422926,+0.838346,-0.512320,-0.186291
-2.963304,+2.597268,-0.909902,+0.421505,+0.841917,-0.509632,-0.177346
-2.972404,+2.601476,-0.910204,+0.420161,+0.845403,-0.506893,-0.168382
-2.981508,+2.605672,-0.910488,+0.418892,+0.848805,-0.504104,-0.159402
-2.990614,+2.609854,-0.910756,+0.417697,+0.852122,-0.501264,-0.150406
-2.999723,+2.614026,-0.911007,+0.416577,+0.855354,-0.498375,-0.141394
-3.008834,+2.618186,-0.911242,+0.415529,+0.858500,-0.495435,-0.132369
-3.017948,+2.622337,-0.911460,+0.414554,+0.861561,-0.492446,-0.123330
-3.027063,+2.626477,-0.911663,+0.413651,+0.864535,-0.489408,-0.114279
-3.036181,+2.630610,-0.911849,+0.412818,+0.867423,-0.486320,-0.105217
-3.045300,+2.634734,-0.912019,+0.412057,+0.870224,-0.483184,-0.096144
-3.054421,+2.638851,-0.912174,+0.411366,+0.872938,-0.480000,-0.087061
-3.063544,+2.642962,-0.912313,+0.410745,+0.875565,-0.476768,-0.077970
-3.072667,+2.647066,-0.912436,+0.410194,+0.878104,-0.473488,-0.068871
-3.081792,+2.651166,-0.912544,+0.409712,+0.880555,-0.470161,-0.059765
-3.090918,+2.655261,-0.912637,+0.409299,+0.882918,-0.466786,-0.050653
-3.100045,+2.659352,-0.912714,+0.408954,+0.885193,-0.463365,-0.041536
-3.109172,+2.663440,-0.912776,+0.408678,+0.887380,-0.459898,-0.032415
-3.118300,+2.667526,-0.912822,+0.408470,+0.889478,-0.456384,-0.023290
-3.127429,+2.671610,-0.912853,+0.408330,+0.891487,-0.452826,-0.014163
-3.136557,+2.675693,-0.912869,+0.408259,+0.893406,-0.449221,-0.005035
-3.145686,+2.679775,-0.912870,+0.408255,+0.895237,-0.445572,+0.004093
-3.154815,+2.683858,-0.912856,+0.408320,+0.896978,-0.441878,+0.013222
-3.163943,+2.687942,-0.912826,+0.408452,+0.898629,-0.438140,+0.022349
-3.173071,+2.692028,-0.912781,+0.408653,+0.900190,-0.434359,+0.031473
-3.182199,+2.696115,-0.912721,+0.408922,+0.901661,-0.430533,+0.040595
-3.191326,+2.700206,-0.912645,+0.409260,+0.903042,-0.426665,+0.049713
-3.200452,+2.704301,-0.912554,+0.409666,+0.904333,-0.422754,+0.058825
-3.209577,+2.708400,-0.912448,+0.410141,+0.905533,-0.418801,+0.067932
-3.218700,+2.712504,-0.912326,+0.410685,+0.906643,-0.414806,+0.077031
-3.227823,+2.716614,-0.912189,+0.411299,+0.907662,-0.410770,+0.086124
-3.236944,+2.720730,-0.912036,+0.411983,+0.908591,-0.406692,+0.095207
-3.246064,+2.724854,-0.911867,+0.412737,+0.909428,-0.402574,+0.104281
-3.255182,+2.728985,-0.911683,+0.413561,+0.910175,-0.398416,+0.113345
-3.264297,+2.733125,-0.911482,+0.414457,+0.910830,-0.394217,+0.122397
-3.273411,+2.737274,-0.911265,+0.415425,+0.911395,-0.389979,+0.131437
-3.282523,+2.741434,-0.911032,+0.416465,+0.911868,-0.385702,+0.140464
-3.291632,+2.745604,-0.910783,+0.417578,+0.912250,-0.381387,+0.149477
-3.300738,+2.749786,-0.910517,+0.418765,+0.912541,-0.377034,+0.158475
-3.309842,+2.753979,-0.910234,+0.420027,+0.912741,-0.372642,+0.167457
-3.318943,+2.758186,-0.909934,+0.421363,+0.912849,-0.368214,+0.176422
-3.328041,+2.762407,-0.909617,+0.422776,+0.912866,-0.363749,+0.185370
-3.337135,+2.766642,-0.909283,+0.424265,+0.912792,-0.359247,+0.194299
-3.346226,+2.770893,-0.908931,+0.425833,+0.912627,-0.354709,+0.203208
-3.355314,+2.775159,-0.908561,+0.427479,+0.912370,-0.350136,+0.212098
-3.364398,+2.779443,-0.908173,+0.429205,+0.912022,-0.345528,+0.220966
-3.373477,+2.783744,-0.907767,+0.431012,+0.911583,-0.340886,+0.229812
-3.382553,+2.788063,-0.907342,+0.432901,+0.911053,-0.336209,+0.238635
-3.391624,+2.792402,-0.906899,+0.434873,+0.910431,-0.331499,+0.247434
-3.400691,+2.796761,-0.906435,+0.436930,+0.909719,-0.326755,+0.256209
-3.409753,+2.801141,-0.905953,+0.439072,+0.908915,-0.321979,+0.264958
-3.418810,+2.805542,-0.905450,+0.441302,+0.908021,-0.317171,+0.273680
-3.427861,+2.809967,-0.904927,+0.443621,+0.907036,-0.312331,+0.282375
-3.436908,+2.814415,-0.904384,+0.446029,+0.905960,-0.307459,+0.291042
-3.445949,+2.818888,-0.903819,+0.448530,+0.904794,-0.302557,+0.299679
-3.454984,+2.823386,-0.903233,+0.451124,+0.903537,-0.297625,+0.308287
-3.464014,+2.827911,-0.902626,+0.453812,+0.902189,-0.292663,+0.316864
-3.473037,+2.832463,-0.901995,+0.456598,+0.900752,-0.287672,+0.325409
-3.482054,+2.837043,-0.901342,+0.459482,+0.899224,-0.282652,+0.333922
-3.491064,+2.841653,-0.900666,+0.462467,+0.897607,-0.277603,+0.342401
-3.500067,+2.846293,-0.899966,+0.465555,+0.895900,-0.272527,+0.350846
-3.509063,+2.850964,-0.899242,+0.468747,+0.894103,-0.267424,+0.359256
-3.518052,+2.855668,-0.898493,+0.472046,+0.892217,-0.262294,+0.367630
-3.527033,+2.860405,-0.897718,+0.475454,+0.890241,-0.257138,+0.375967
-3.536006,+2.865177,-0.896917,+0.478974,+0.888177,-0.251956,+0.384266
-3.544971,+2.869985,-0.896090,+0.482608,+0.886023,-0.246748,+0.392528
-3.553927,+2.874830,-0.895236,+0.486357,+0.883781,-0.241517,+0.400750
-3.562875,+2.879712,-0.894353,+0.490226,+0.881451,-0.236261,+0.408931
-3.571814,+2.884634,-0.893442,+0.494217,+0.879033,-0.230981,+0.417072
-3.580744,+2.889597,-0.892501,+0.498332,+0.876526,-0.225678,+0.425172
-3.589664,+2.894602,-0.891530,+0.502575,+0.873932,-0.220353,+0.433228
-3.598575,+2.899649,-0.890528,+0.506948,+0.871251,-0.215005,+0.441242
-3.607475,+2.904741,-0.889495,+0.511455,+0.868483,-0.209636,+0.449211
-3.616364,+2.909879,-0.888428,+0.516099,+0.865627,-0.204246,+0.457136
-3.625243,+2.915064,-0.887328,+0.520883,+0.862685,-0.198836,+0.465014
-3.634111,+2.920297,-0.886194,+0.525811,+0.859657,-0.193406,+0.472846
-3.642967,+2.925580,-0.885024,+0.530886,+0.856543,-0.187956,+0.480631
-3.651811,+2.930915,-0.883818,+0.536113,+0.853343,-0.182488,+0.488368
-3.660643,+2.936303,-0.882574,+0.541495,+0.850058,-0.177002,+0.496056
-3.669462,+2.941746,-0.881292,+0.547036,+0.846688,-0.171497,+0.503694
-3.678269,+2.947244,-0.879969,+0.552740,+0.843233,-0.165976,+0.511282
-3.687062,+2.952801,-0.878606,+0.558612,+0.839694,-0.160438,+0.518819
-3.695841,+2.958417,-0.877201,+0.564656,+0.836071,-0.154884,+0.526304
-3.704605,+2.964095,-0.875752,+0.570877,+0.832365,-0.149314,+0.533736
-3.713356,+2.969835,-0.874259,+0.577279,+0.828575,-0.143730,+0.541115
-3.722090,+2.975641,-0.872719,+0.583868,+0.824702,-0.138131,+0.548440
-3.730810,+2.981513,-0.871131,+0.590649,+0.820747,-0.132518,+0.555710
-3.739513,+2.987454,-0.869495,+0.597627,+0.816709,-0.126893,+0.562925
-3.748199,+2.993466,-0.867807,+0.604808,+0.812590,-0.121254,+0.570083
-3.756869,+2.999551,-0.866068,+0.612197,+0.808390,-0.115603,+0.577184
-3.765521,+3.005711,-0.864274,+0.619800,+0.804109,-0.109941,+0.584228
-3.774154,+3.011948,-0.862424,+0.627623,+0.799747,-0.104268,+0.591213
-3.782769,+3.018264,-0.860517,+0.635673,+0.795306,-0.098584,+0.598139
-3.791364,+3.024662,-0.858549,+0.643956,+0.790785,-0.092891,+0.605005
-3.799940,+3.031144,-0.856521,+0.652479,+0.786185,-0.087188,+0.611810
-3.808495,+3.037713,-0.854428,+0.661249,+0.781506,-0.081476,+0.618555
-3.817028,+3.044370,-0.852270,+0.670272,+0.776749,-0.075757,+0.625237
-3.825540,+3.051119,-0.850043,+0.679557,+0.771915,-0.070029,+0.631857
-3.834028,+3.057962,-0.847746,+0.689111,+0.767003,-0.064295,+0.638414
-3.842494,+3.064902,-0.845375,+0.698942,+0.762015,-0.058554,+0.644907
-3.850936,+3.071942,-0.842929,+0.709058,+0.756950,-0.052808,+0.651336
-3.859353,+3.079084,-0.840405,+0.719467,+0.751810,-0.047056,+0.657699
-3.867744,+3.086332,-0.837799,+0.730177,+0.746594,-0.041299,+0.663997
-3.876108,+3.093689,-0.835110,+0.741199,+0.741304,-0.035539,+0.670228
-3.884446,+3.101157,-0.832333,+0.752540,+0.735940,-0.029774,+0.676392
-3.892755,+3.108741,-0.829466,+0.764211,+0.730502,-0.024007,+0.682489
-3.901035,+3.116442,-0.826505,+0.776220,+0.724991,-0.018238,+0.688517
-3.909285,+3.124266,-0.823448,+0.788577,+0.719407,-0.012466,+0.694476
-3.917503,+3.132215,-0.820289,+0.801293,+0.713752,-0.006693,+0.700366
-3.925690,+3.140293,-0.817027,+0.814378,+0.708025,-0.000920,+0.706186
-3.933843,+3.148504,-0.813656,+0.827842,+0.702228,+0.004854,+0.711936
-3.941963,+3.156852,-0.810173,+0.841697,+0.696360,+0.010626,+0.717614
-3.950047,+3.165339,-0.806573,+0.855952,+0.690423,+0.016398,+0.723220
-3.958094,+3.173972,-0.802853,+0.870620,+0.684416,+0.022169,+0.728754
-3.966103,+3.182753,-0.799006,+0.885711,+0.678341,+0.027937,+0.734216
-3.974074,+3.191687,-0.795030,+0.901237,+0.672199,+0.033702,+0.739603
-3.982003,+3.200779,-0.790919,+0.917209,+0.665989,+0.039464,+0.744917
-3.989892,+3.210033,-0.786667,+0.933640,+0.659712,+0.045222,+0.750157
-3.997736,+3.219454,-0.782269,+0.950541,+0.653370,+0.050975,+0.755321
-4.005536,+3.229045,-0.777720,+0.967924,+0.646962,+0.056723,+0.760410
-4.013290,+3.238814,-0.773013,+0.985801,+0.640489,+0.062466,+0.765422
-4.020996,+3.248763,-0.768144,+1.004183,+0.633953,+0.068202,+0.770358
-4.028652,+3.258899,-0.763105,+1.023083,+0.627353,+0.073932,+0.775218
-4.036257,+3.269227,-0.757890,+1.042511,+0.620690,+0.079654,+0.779999
-4.043809,+3.279751,-0.752493,+1.062480,+0.613965,+0.085368,+0.784703
-4.051307,+3.290478,-0.746906,+1.082999,+0.607179,+0.091074,+0.789328
-4.058747,+3.301413,-0.741122,+1.104080,+0.600332,+0.096771,+0.793874
-4.066128,+3.312562,-0.735134,+1.125733,+0.593425,+0.102458,+0.798341
-4.073449,+3.323930,-0.728934,+1.147967,+0.586459,+0.108134,+0.802728
-4.080706,+3.335523,-0.722515,+1.170792,+0.579434,+0.113800,+0.807035
-4.087898,+3.347347,-0.715867,+1.194214,+0.572351,+0.119455,+0.811261
-4.095023,+3.359409,-0.708983,+1.218241,+0.565211,+0.125097,+0.815406
-4.102077,+3.371714,-0.701853,+1.242880,+0.558015,+0.130727,+0.819469
-4.109059,+3.384269,-0.694470,+1.268134,+0.550762,+0.136344,+0.823451
-4.115965,+3.397079,-0.686823,+1.294006,+0.543455,+0.141947,+0.827350
-4.122794,+3.410151,-0.678904,+1.320498,+0.536093,+0.147537,+0.831166
-4.129542,+3.423491,-0.670703,+1.347610,+0.528678,+0.153111,+0.834899
-4.136207,+3.437105,-0.662210,+1.375338,+0.521210,+0.158670,+0.838549
-4.142786,+3.451000,-0.653416,+1.403678,+0.513689,+0.164213,+0.842115
-4.149274,+3.465181,-0.644310,+1.432623,+0.506117,+0.169740,+0.845597
-4.155671,+3.479654,-0.634883,+1.462160,+0.498495,+0.175250,+0.848994
-4.161971,+3.494426,-0.625125,+1.492278,+0.490823,+0.180742,+0.852306
-4.168172,+3.509502,-0.615025,+1.522958,+0.483101,+0.186216,+0.855533
-4.174271,+3.524887,-0.604574,+1.554180,+0.475331,+0.191671,+0.858675
-4.180263,+3.540587,-0.593761,+1.585918,+0.467514,+0.197108,+0.861730
-4.186144,+3.556607,-0.582578,+1.618143,+0.459651,+0.202525,+0.864699
-4.191913,+3.572951,-0.571013,+1.650820,+0.451741,+0.207921,+0.867582
-4.197563,+3.589625,-0.559059,+1.683911,+0.443786,+0.213297,+0.870379
-4.203092,+3.606631,-0.546706,+1.717369,+0.435786,+0.218651,+0.873088
-4.208496,+3.623973,-0.533947,+1.751145,+0.427743,+0.223984,+0.875709
-4.213769,+3.641654,-0.520772,+1.785182,+0.419658,+0.229294,+0.878244
-4.218910,+3.659677,-0.507175,+1.819417,+0.411530,+0.234581,+0.880690
-4.223912,+3.678043,-0.493151,+1.853782,+0.403361,+0.239844,+0.883048
-4.228771,+3.696753,-0.478692,+1.888200,+0.395152,+0.245084,+0.885319
-4.233484,+3.715807,-0.463795,+1.922590,+0.386903,+0.250299,+0.887500
-4.238045,+3.735204,-0.448457,+1.956864,+0.378616,+0.255490,+0.889593
-4.242451,+3.754944,-0.432676,+1.990925,+0.370291,+0.260654,+0.891596
-4.246697,+3.775022,-0.416450,+2.024673,+0.361928,+0.265793,+0.893511
-4.250779,+3.795435,-0.399782,+2.057999,+0.353529,+0.270905,+0.895337
-4.254692,+3.816180,-0.382673,+2.090791,+0.345096,+0.275989,+0.897072
-4.258431,+3.837249,-0.365127,+2.122930,+0.336627,+0.281047,+0.898718
-4.261993,+3.858636,-0.347151,+2.154292,+0.328125,+0.286076,+0.900275
-4.265373,+3.880332,-0.328753,+2.184752,+0.319590,+0.291076,+0.901741
-4.268567,+3.902328,-0.309943,+2.214180,+0.311023,+0.296048,+0.903117
-4.271570,+3.924612,-0.290734,+2.242444,+0.302425,+0.300990,+0.904403
-4.274380,+3.947172,-0.271139,+2.269412,+0.293797,+0.305902,+0.905598
-4.276991,+3.969995,-0.251176,+2.294952,+0.285140,+0.310783,+0.906702
-4.279402,+3.993066,-0.230863,+2.318937,+0.276454,+0.315633,+0.907716
-4.281608,+4.016368,-0.210222,+2.341238,+0.267740,+0.320451,+0.908640
-4.283606,+4.039885,-0.189275,+2.361736,+0.258999,+0.325238,+0.909472
-4.285392,+4.063597,-0.168048,+2.380314,+0.250233,+0.329992,+0.910214
-4.286965,+4.087484,-0.146568,+2.396868,+0.241442,+0.334713,+0.910864
-4.288323,+4.111527,-0.124865,+2.411298,+0.232626,+0.339400,+0.911423
-4.289462,+4.135703,-0.102969,+2.423517,+0.223787,+0.344054,+0.911892
-4.290381,+4.159990,-0.080911,+2.433452,+0.214926,+0.348673,+0.912269
-4.291080,+4.184364,-0.058726,+2.441041,+0.206043,+0.353258,+0.912554
-4.291555,+4.208803,-0.036448,+2.446234,+0.197140,+0.357807,+0.912749
-4.291808,+4.233281,-0.014111,+2.449000,+0.188217,+0.362320,+0.912852
-4.291837,+4.257775,+0.008247,+2.449322,+0.179275,+0.366797,+0.912864
-4.291643,+4.282259,+0.030593,+2.447196,+0.170315,+0.371237,+0.912785
-4.291225,+4.306711,+0.052890,+2.442636,+0.161339,+0.375640,+0.912614
-4.290586,+4.331104,+0.075103,+2.435672,+0.152346,+0.380006,+0.912352
-4.289724,+4.355416,+0.097197,+2.426347,+0.143337,+0.384334,+0.911999
-4.288642,+4.379623,+0.119139,+2.414720,+0.134315,+0.388623,+0.911555
-4.287342,+4.403703,+0.140896,+2.400862,+0.125279,+0.392873,+0.911019
-4.285825,+4.427634,+0.162437,+2.384857,+0.116230,+0.397084,+0.910393
-4.284094,+4.451394,+0.183733,+2.366799,+0.107170,+0.401255,+0.909675
-4.282151,+4.474963,+0.204756,+2.346794,+0.098099,+0.405386,+0.908867
-4.280000,+4.498323,+0.225480,+2.324955,+0.089019,+0.409477,+0.907967
-4.277643,+4.521457,+0.245881,+2.301400,+0.079929,+0.413526,+0.906977
-4.275084,+4.544346,+0.265938,+2.276255,+0.070832,+0.417535,+0.905896
-4.272326,+4.566977,+0.285631,+2.249648,+0.061727,+0.421501,+0.904725
-4.269372,+4.589335,+0.304943,+2.221712,+0.052616,+0.425425,+0.903463
-4.266228,+4.611407,+0.323859,+2.192577,+0.043500,+0.429307,+0.902110
-4.262897,+4.633183,+0.342366,+2.162375,+0.034380,+0.433146,+0.900668
-4.259382,+4.654652,+0.360454,+2.131237,+0.025256,+0.436942,+0.899135
-4.255689,+4.675805,+0.378113,+2.099290,+0.016129,+0.440694,+0.897513
-4.251822,+4.696635,+0.395337,+2.066658,+0.007002,+0.444401,+0.895800
-4.247784,+4.717136,+0.412122,+2.033460,-0.002127,+0.448065,+0.893998
-4.243580,+4.737303,+0.428464,+1.999812,-0.011256,+0.451684,+0.892107
-4.239216,+4.757132,+0.444361,+1.965823,-0.020383,+0.455257,+0.890127
-4.234694,+4.776619,+0.459816,+1.931596,-0.029508,+0.458785,+0.888057
-4.230021,+4.795763,+0.474828,+1.897228,-0.038631,+0.462267,+0.885899
-4.225200,+4.814563,+0.489401,+1.862808,-0.047749,+0.465703,+0.883652
-4.220235,+4.833019,+0.503539,+1.828422,-0.056863,+0.469092,+0.881317
-4.215131,+4.851132,+0.517247,+1.794145,-0.065971,+0.472434,+0.878894
-4.209892,+4.868903,+0.530532,+1.760050,-0.075072,+0.475729,+0.876383
-4.204522,+4.886334,+0.543400,+1.726200,-0.084166,+0.478976,+0.873784
-4.199025,+4.903428,+0.555859,+1.692653,-0.093252,+0.482176,+0.871097
-4.193406,+4.920188,+0.567917,+1.659462,-0.102328,+0.485327,+0.868324
-4.187668,+4.936619,+0.579582,+1.626672,-0.111394,+0.488430,+0.865464
-4.181816,+4.952724,+0.590865,+1.594325,-0.120449,+0.491484,+0.862517
-4.175852,+4.968507,+0.601774,+1.562456,-0.129491,+0.494489,+0.859484
-4.169782,+4.983974,+0.612319,+1.531096,-0.138521,+0.497444,+0.856365
-4.163607,+4.999130,+0.622510,+1.500272,-0.147537,+0.500350,+0.853161
-4.157332,+5.013981,+0.632357,+1.470005,-0.156538,+0.503205,+0.849871
-4.150961,+5.028533,+0.641870,+1.440313,-0.165524,+0.506011,+0.846496
-4.144496,+5.042789,+0.651058,+1.411212,-0.174493,+0.508766,+0.843036
-4.137941,+5.056758,+0.659933,+1.382713,-0.183444,+0.511469,+0.839492
-4.131299,+5.070446,+0.668504,+1.354823,-0.192377,+0.514122,+0.835865
-4.124572,+5.083857,+0.676781,+1.327549,-0.201291,+0.516723,+0.832153
-4.117764,+5.096999,+0.684773,+1.300895,-0.210185,+0.519273,+0.828359
-4.110878,+5.109877,+0.692490,+1.274860,-0.219058,+0.521770,+0.824481
-4.103915,+5.122498,+0.699942,+1.249444,-0.227909,+0.524216,+0.820521
-4.096879,+5.134868,+0.707137,+1.224645,-0.236737,+0.526609,+0.816479
-4.089773,+5.146993,+0.714085,+1.200458,-0.245541,+0.528949,+0.812356
-4.082599,+5.158879,+0.720794,+1.176877,-0.254321,+0.531237,+0.808151
-4.075358,+5.170533,+0.727273,+1.153897,-0.263075,+0.533471,+0.803866
-4.068054,+5.181959,+0.733530,+1.131509,-0.271804,+0.535652,+0.799500
-4.060688,+5.193165,+0.739573,+1.109704,-0.280505,+0.537780,+0.795054
-4.053263,+5.204155,+0.745409,+1.088474,-0.289178,+0.539854,+0.790528
-4.045781,+5.214936,+0.751047,+1.067808,-0.297822,+0.541873,+0.785923
-4.038243,+5.225513,+0.756493,+1.047696,-0.306436,+0.543839,+0.781240
-4.030652,+5.235892,+0.761755,+1.028127,-0.315019,+0.545750,+0.776479
-4.023008,+5.246078,+0.766840,+1.009090,-0.323572,+0.547607,+0.771640
-4.015315,+5.256076,+0.771753,+0.990573,-0.332091,+0.549409,+0.766724
-4.007574,+5.265891,+0.776501,+0.972565,-0.340578,+0.551155,+0.761731
-3.999785,+5.275529,+0.781091,+0.955054,-0.349030,+0.552847,+0.756662
-3.991952,+5.284994,+0.785528,+0.938028,-0.357448,+0.554484,+0.751518
-3.984075,+5.294291,+0.789818,+0.921475,-0.365830,+0.556065,+0.746298
-3.976156,+5.303425,+0.793966,+0.905383,-0.374175,+0.557590,+0.741004
-3.968196,+5.312400,+0.797977,+0.889741,-0.382483,+0.559060,+0.735635
-3.960197,+5.321221,+0.801857,+0.874537,-0.390752,+0.560474,+0.730193
-3.952160,+5.329892,+0.805610,+0.859759,-0.398983,+0.561831,+0.724678
-3.944086,+5.338418,+0.809241,+0.845397,-0.407173,+0.563133,+0.719091
-3.935976,+5.346801,+0.812754,+0.831438,-0.415323,+0.564378,+0.713431
-3.927831,+5.355048,+0.816154,+0.817873,-0.423431,+0.565567,+0.707701
-3.919653,+5.363160,+0.819445,+0.804690,-0.431497,+0.566699,+0.701899
-3.911443,+5.371143,+0.822630,+0.791878,-0.439520,+0.567775,+0.696027
-3.903201,+5.378999,+0.825713,+0.779427,-0.447499,+0.568793,+0.690086
-3.894928,+5.386733,+0.828699,+0.767328,-0.455433,+0.569755,+0.684076
-3.886627,+5.394347,+0.831590,+0.755569,-0.463322,+0.570660,+0.677997
-3.878297,+5.401845,+0.834391,+0.744143,-0.471164,+0.571508,+0.671851
-3.869940,+5.409231,+0.837103,+0.733038,-0.478959,+0.572299,+0.665637
-3.861555,+5.416507,+0.839730,+0.722247,-0.486706,+0.573032,+0.659357
-3.853145,+5.423676,+0.842275,+0.711760,-0.494405,+0.573708,+0.653010
-3.844710,+5.430743,+0.844742,+0.701568,-0.502054,+0.574327,+0.646599
-3.836251,+5.437709,+0.847132,+0.691663,-0.509653,+0.574889,+0.640123
-3.827768,+5.444577,+0.849448,+0.682037,-0.517201,+0.575392,+0.633583
-3.819262,+5.451351,+0.851693,+0.672683,-0.524697,+0.575839,+0.626979
-3.810734,+5.458032,+0.853869,+0.663591,-0.532141,+0.576228,+0.620313
-3.802185,+5.464623,+0.855979,+0.654755,-0.539531,+0.576559,+0.613585
-3.793615,+5.471128,+0.858024,+0.646168,-0.546868,+0.576832,+0.606795
-3.785025,+5.477547,+0.860007,+0.637823,-0.554150,+0.577048,+0.599945
-3.776415,+5.483885,+0.861930,+0.629713,-0.561376,+0.577206,+0.593035
-3.767787,+5.490142,+0.863795,+0.621830,-0.568546,+0.577306,+0.586065
-3.759140,+5.496322,+0.865603,+0.614170,-0.575660,+0.577349,+0.579037
-3.750475,+5.502427,+0.867357,+0.606726,-0.582716,+0.577334,+0.571951
-3.741793,+5.508458,+0.869058,+0.599491,-0.589714,+0.577261,+0.564808
-3.733094,+5.514417,+0.870708,+0.592461,-0.596652,+0.577131,+0.557608
-3.724379,+5.520308,+0.872308,+0.585628,-0.603531,+0.576942,+0.550352
-3.715648,+5.526131,+0.873860,+0.578990,-0.610350,+0.576696,+0.543042
-3.706902,+5.531888,+0.875365,+0.572539,-0.617108,+0.576393,+0.535677
-3.698141,+5.537582,+0.876826,+0.566271,-0.623804,+0.576031,+0.528258
-3.689365,+5.543214,+0.878243,+0.560181,-0.630437,+0.575613,+0.520787
-3.680576,+5.548786,+0.879617,+0.554264,-0.637008,+0.575136,+0.513264
-3.671773,+5.554299,+0.880949,+0.548516,-0.643514,+0.574602,+0.505689
-3.662957,+5.559756,+0.882242,+0.542933,-0.649957,+0.574011,+0.498064
-3.654128,+5.565158,+0.883496,+0.537510,-0.656334,+0.573362,+0.490389
-3.645287,+5.570507,+0.884712,+0.532243,-0.662646,+0.572656,+0.482665
-3.636434,+5.575804,+0.885891,+0.527128,-0.668892,+0.571893,+0.474892
-3.627570,+5.581050,+0.887035,+0.522162,-0.675070,+0.571072,+0.467072
-3.618694,+5.586247,+0.888144,+0.517341,-0.681181,+0.570195,+0.459206
-3.609807,+5.591397,+0.889219,+0.512660,-0.687224,+0.569260,+0.451294
-3.600909,+5.596501,+0.890261,+0.508118,-0.693199,+0.568268,+0.443336
-3.592002,+5.601560,+0.891271,+0.503710,-0.699104,+0.567220,+0.435334
-3.583084,+5.606575,+0.892250,+0.499433,-0.704939,+0.566115,+0.427288
-3.574157,+5.611549,+0.893199,+0.495285,-0.710703,+0.564953,+0.419200
-3.565220,+5.616481,+0.894117,+0.491262,-0.716397,+0.563735,+0.411070
-3.556274,+5.621374,+0.895008,+0.487361,-0.722019,+0.562461,+0.402899
-3.547320,+5.626229,+0.895869,+0.483580,-0.727568,+0.561130,+0.394687
-3.538357,+5.631046,+0.896704,+0.479916,-0.733045,+0.559742,+0.386436
-3.529386,+5.635828,+0.897511,+0.476367,-0.738449,+0.558300,+0.378146
-3.520407,+5.640574,+0.898293,+0.472930,-0.743779,+0.556801,+0.369819
-3.511420,+5.645287,+0.899049,+0.469602,-0.749034,+0.555246,+0.361454
-3.502426,+5.649966,+0.899779,+0.466382,-0.754215,+0.553636,+0.353054
-3.493425,+5.654614,+0.900486,+0.463268,-0.759320,+0.551971,+0.344618
-3.484416,+5.659232,+0.901168,+0.460256,-0.764349,+0.550250,+0.336148
-3.475401,+5.663820,+0.901827,+0.457345,-0.769302,+0.548474,+0.327644
-3.466380,+5.668380,+0.902463,+0.454534,-0.774178,+0.546644,+0.319107
-3.457352,+5.672912,+0.903077,+0.451820,-0.778976,+0.544759,+0.310538
-3.448318,+5.677417,+0.903669,+0.449201,-0.783697,+0.542819,+0.301939
-3.439279,+5.681896,+0.904239,+0.446677,-0.788339,+0.540825,+0.293309
-3.430233,+5.686351,+0.904788,+0.444244,-0.792902,+0.538777,+0.284650
-3.421183,+5.690782,+0.905316,+0.441902,-0.797386,+0.536675,+0.275962
-3.412127,+5.695189,+0.905824,+0.439649,-0.801791,+0.534519,+0.267247
-3.403067,+5.699575,+0.906312,+0.437484,-0.806115,+0.532310,+0.258505
-3.394001,+5.703939,+0.906780,+0.435405,-0.810358,+0.530048,+0.249737
-3.384931,+5.708283,+0.907229,+0.433410,-0.814521,+0.527733,+0.240944
-3.375857,+5.712608,+0.907658,+0.431500,-0.818602,+0.525365,+0.232127
-3.366778,+5.716914,+0.908070,+0.429671,-0.822601,+0.522944,+0.223287
-3.357695,+5.721201,+0.908462,+0.427924,-0.826517,+0.520472,+0.214425
-3.348609,+5.725472,+0.908837,+0.426257,-0.830352,+0.517947,+0.205541
-3.339519,+5.729727,+0.909193,+0.424669,-0.834103,+0.515370,+0.196636
-3.330425,+5.733966,+0.909532,+0.423160,-0.837771,+0.512742,+0.187712
-3.321328,+5.738190,+0.909854,+0.421727,-0.841355,+0.510063,+0.178769
-3.312228,+5.742401,+0.910158,+0.420370,-0.844854,+0.507332,+0.169809
-3.303125,+5.746598,+0.910445,+0.419090,-0.848270,+0.504551,+0.160831
-3.294019,+5.750782,+0.910716,+0.417883,-0.851600,+0.501720,+0.151837
-3.284911,+5.754956,+0.910969,+0.416751,-0.854846,+0.498838,+0.142828
-3.275800,+5.759118,+0.911207,+0.415692,-0.858006,+0.495906,+0.133805
-3.266687,+5.763270,+0.911428,+0.414705,-0.861080,+0.492925,+0.124768
-3.257571,+5.767412,+0.911633,+0.413790,-0.864068,+0.489894,+0.115719
-3.248454,+5.771546,+0.911821,+0.412947,-0.866969,+0.486815,+0.106658
-3.239335,+5.775671,+0.911994,+0.412174,-0.869784,+0.483686,+0.097587
-3.230214,+5.779789,+0.912151,+0.411472,-0.872512,+0.480510,+0.088506
-3.221092,+5.783901,+0.912293,+0.410840,-0.875152,+0.477285,+0.079416
-3.211969,+5.788006,+0.912419,+0.410278,-0.877706,+0.474013,+0.070318
-3.202844,+5.792107,+0.912529,+0.409785,-0.880171,+0.470693,+0.061213
-3.193718,+5.796202,+0.912624,+0.409360,-0.882548,+0.467326,+0.052102
-3.184592,+5.800294,+0.912703,+0.409005,-0.884837,+0.463913,+0.042986
-3.175464,+5.804382,+0.912768,+0.408718,-0.887038,+0.460453,+0.033865
-3.166336,+5.808468,+0.912816,+0.408499,-0.889150,+0.456947,+0.024741
-3.157208,+5.812552,+0.912850,+0.408349,-0.891173,+0.453395,+0.015615
-3.148079,+5.816636,+0.912869,+0.408266,-0.893107,+0.449798,+0.006487
-3.138951,+5.820718,+0.912872,+0.408252,-0.894951,+0.446156,-0.002642
-3.129822,+5.824801,+0.912860,+0.408306,-0.896706,+0.442469,-0.011770
-3.120693,+5.828885,+0.912832,+0.408427,-0.898372,+0.438738,-0.020898
-3.111565,+5.832970,+0.912790,+0.408617,-0.899947,+0.434964,-0.030023
-3.102438,+5.837057,+0.912732,+0.408876,-0.901433,+0.431145,-0.039145
-3.093311,+5.841147,+0.912659,+0.409202,-0.902828,+0.427284,-0.048263
-3.084185,+5.845242,+0.912571,+0.409598,-0.904134,+0.423380,-0.057376
-3.075059,+5.849340,+0.912467,+0.410062,-0.905348,+0.419433,-0.066484
-3.065935,+5.853443,+0.912348,+0.410595,-0.906473,+0.415445,-0.075585
-3.056813,+5.857552,+0.912213,+0.411198,-0.907506,+0.411415,-0.084679
-3.047691,+5.861667,+0.912062,+0.411870,-0.908449,+0.407344,-0.093764
-3.038571,+5.865789,+0.911896,+0.412613,-0.909301,+0.403232,-0.102839
-3.029453,+5.869920,+0.911714,+0.413426,-0.910062,+0.399080,-0.111904
-3.020337,+5.874058,+0.911516,+0.414311,-0.910732,+0.394888,-0.120959
-3.011223,+5.878206,+0.911302,+0.415267,-0.911311,+0.390656,-0.130001
-3.002111,+5.882364,+0.911071,+0.416296,-0.911799,+0.386386,-0.139030
-2.993002,+5.886532,+0.910824,+0.417397,-0.912195,+0.382076,-0.148045
-2.983895,+5.890712,+0.910561,+0.418572,-0.912501,+0.377729,-0.157045
-2.974791,+5.894904,+0.910281,+0.419822,-0.912715,+0.373343,-0.166030
-2.965689,+5.899109,+0.909984,+0.421146,-0.912838,+0.368921,-0.174998
-2.956591,+5.903327,+0.909670,+0.422547,-0.912870,+0.364461,-0.183948
-2.947496,+5.907560,+0.909338,+0.424024,-0.912810,+0.359965,-0.192880
-2.938404,+5.911808,+0.908989,+0.425579,-0.912659,+0.355433,-0.201793
-2.929316,+5.916072,+0.908622,+0.427212,-0.912417,+0.350866,-0.210686
-2.920232,+5.920353,+0.908237,+0.428926,-0.912084,+0.346263,-0.219557
-2.911152,+5.924651,+0.907834,+0.430720,-0.911659,+0.341626,-0.228407
-2.902075,+5.928967,+0.907412,+0.432595,-0.911143,+0.336955,-0.237234
-2.893003,+5.933303,+0.906971,+0.434554,-0.910536,+0.332250,-0.246037
-2.883936,+5.937659,+0.906511,+0.436598,-0.909838,+0.327511,-0.254815
-2.874873,+5.942036,+0.906032,+0.438727,-0.909049,+0.322741,-0.263568
-2.865815,+5.946434,+0.905532,+0.440943,-0.908169,+0.317937,-0.272295
-2.856763,+5.950855,+0.905013,+0.443247,-0.907199,+0.313102,-0.280994
-2.847715,+5.955299,+0.904473,+0.445641,-0.906137,+0.308236,-0.289666
-2.838673,+5.959768,+0.903911,+0.448127,-0.904985,+0.303338,-0.298308
-2.829637,+5.964262,+0.903329,+0.450706,-0.903743,+0.298411,-0.306921
-2.820606,+5.968783,+0.902725,+0.453379,-0.902410,+0.293453,-0.315503
-2.811582,+5.973330,+0.902098,+0.456149,-0.900987,+0.288467,-0.324053
-2.802565,+5.977906,+0.901449,+0.459018,-0.899473,+0.283451,-0.332571
-2.793554,+5.982511,+0.900776,+0.461987,-0.897870,+0.278407,-0.341055
-2.784549,+5.987146,+0.900080,+0.465058,-0.896177,+0.273335,-0.349506
-2.775552,+5.991813,+0.899359,+0.468233,-0.894395,+0.268236,-0.357921
-2.766562,+5.996511,+0.898614,+0.471515,-0.892523,+0.263110,-0.366301
-2.757580,+6.001244,+0.897844,+0.474906,-0.890561,+0.257958,-0.374644
-2.748605,+6.006010,+0.897047,+0.478408,-0.888511,+0.252780,-0.382950
-2.739639,+6.010812,+0.896224,+0.482023,-0.886372,+0.247577,-0.391217
-2.730681,+6.015651,+0.895374,+0.485754,-0.884144,+0.242348,-0.399446
-2.721731,+6.020528,+0.894496,+0.489604,-0.881828,+0.237096,-0.407634
-2.712791,+6.025444,+0.893589,+0.493575,-0.879423,+0.231820,-0.415781
-2.703860,+6.030400,+0.892653,+0.497671,-0.876931,+0.226521,-0.423887
-2.694938,+6.035398,+0.891687,+0.501893,-0.874351,+0.221199,-0.431951
-2.686026,+6.040438,+0.890690,+0.506245,-0.871683,+0.215855,-0.439971
-2.677125,+6.045523,+0.889662,+0.510731,-0.868929,+0.210490,-0.447947
-2.668233,+6.050653,+0.888601,+0.515352,-0.866087,+0.205103,-0.455879
-2.659353,+6.055830,+0.887506,+0.520114,-0.863159,+0.199696,-0.463765
-2.650483,+6.061056,+0.886377,+0.525019,-0.860145,+0.194269,-0.471605
-2.641625,+6.066331,+0.885213,+0.530071,-0.857044,+0.188823,-0.479397
-2.632779,+6.071658,+0.884013,+0.535273,-0.853858,+0.183357,-0.487141
-2.623945,+6.077037,+0.882775,+0.540630,-0.850586,+0.177874,-0.494837
-2.615124,+6.082471,+0.881499,+0.546145,-0.847230,+0.172372,-0.502484
-2.606315,+6.087961,+0.880183,+0.551823,-0.843788,+0.166853,-0.510080
-2.597520,+6.093508,+0.878826,+0.557668,-0.840263,+0.161318,-0.517625
-2.588739,+6.099115,+0.877428,+0.563684,-0.836653,+0.155766,-0.525118
-2.579972,+6.104783,+0.875986,+0.569877,-0.832960,+0.150199,-0.532559
-2.571220,+6.110513,+0.874500,+0.576250,-0.829183,+0.144617,-0.539946
-2.562482,+6.116308,+0.872967,+0.582809,-0.825323,+0.139020,-0.547280
-2.553761,+6.122170,+0.871387,+0.589559,-0.821381,+0.133410,-0.554558
-2.545055,+6.128100,+0.869759,+0.596506,-0.817357,+0.127786,-0.561782
-2.536366,+6.134100,+0.868080,+0.603653,-0.813251,+0.122150,-0.568949
-2.527693,+6.140173,+0.866348,+0.611009,-0.809063,+0.116501,-0.576059
-2.519039,+6.146321,+0.864563,+0.618578,-0.804795,+0.110840,-0.583112
-2.510402,+6.152546,+0.862722,+0.626365,-0.800446,+0.105169,-0.590106
-2.501784,+6.158849,+0.860824,+0.634379,-0.796017,+0.099487,-0.597042
-2.493186,+6.165234,+0.858867,+0.642625,-0.791509,+0.093795,-0.603917
-2.484607,+6.171702,+0.856848,+0.651109,-0.786921,+0.088094,-0.610733
-2.476049,+6.178257,+0.854766,+0.659839,-0.782255,+0.082383,-0.617487
-2.467512,+6.184900,+0.852618,+0.668822,-0.777511,+0.076665,-0.624179
-2.458997,+6.191635,+0.850402,+0.678065,-0.772688,+0.070938,-0.630809
-2.450504,+6.198462,+0.848116,+0.687576,-0.767789,+0.065205,-0.637376
-2.442035,+6.205387,+0.845758,+0.697362,-0.762813,+0.059465,-0.643879
-2.433589,+6.212411,+0.843324,+0.707432,-0.757760,+0.053720,-0.650318
-2.425169,+6.219537,+0.840812,+0.717793,-0.752632,+0.047969,-0.656692
-2.416774,+6.226768,+0.838219,+0.728456,-0.747428,+0.042213,-0.663000
-2.408405,+6.234107,+0.835543,+0.739427,-0.742150,+0.036453,-0.669242
-2.400063,+6.241557,+0.832781,+0.750717,-0.736797,+0.030689,-0.675417
-2.391749,+6.249122,+0.829928,+0.762335,-0.731371,+0.024922,-0.681524
-2.383465,+6.256805,+0.826983,+0.774289,-0.725872,+0.019153,-0.687563
-2.375210,+6.264609,+0.823941,+0.786591,-0.720300,+0.013382,-0.693534
-2.366986,+6.272538,+0.820799,+0.799249,-0.714656,+0.007610,-0.699435
-2.358794,+6.280595,+0.817553,+0.812275,-0.708940,+0.001837,-0.705266
-2.350635,+6.288785,+0.814200,+0.825678,-0.703154,-0.003937,-0.711027
